{
  "animation_speed": 170,
  "curve_points": [
    [
      0.18359375,
      0.82421875
    ]
  ]
}